Workbook

Sheet 개요
B2: Recordare WBS — MVP Beta
B3: MVP Beta M3~M6 · 16주 · 28개 FR + 7개 NFR · 시범 시설 8곳 / 보호자 100명 / 활동지원사 50명 / 일반교사 25명
B5: 1. MVP Beta 포함 범위
B6: 그룹 | C6: 포함 기능
B7: 기록 코어 | C7: 계정, 권한 매트릭스, 빠른 선택 일지, 사진 기록, 통합 타임라인, 3분 인계서
B8: 접근성·당사자 UI | C8: AAC 동의, 쉬운말, 큰글씨, TTS, 2단계 확인
B9: 자가진단 | C9: K-DST, M-CHAT-R, AI 추이 분석, FR-68 면책
B10: v2.4 신규 | C10: FR-69 다중 입력 4종, FR-71 후견인 얼굴 인증, U6 일반교사 화면
B11: 보안·컴플라이언스 | C11: 민감정보 분리 동의, 암호화, Audit Log, 의료법 안전 고지
B12: 프로토타입 | C12: Next.js 화면 흐름, mock data, 역할별 라우팅
B14: 2. 제외/이연 범위
B15: 이연 항목 | C15: 이연 시점 | D15: 비고
B16: B2B 결제·B2G 청구 | C16: GA 1.0 | D16: MVP는 무료 시범
B17: 18세 권한 이양 전체 자동화 | C17: GA 1.0 | D17: 일부 UI/자가진단 연동만 준비
B18: 후견 모드 차등 권한 전체 | C18: GA 1.0 | D18: MVP는 FR-71 인증 PoC 중심
B19: 행복e음·NEIS 연동 | C19: v1.1 | D19: 공공 API 사전 절차 필요
B20: IoT/PHR/국민건강보험 연동 | C20: v2.0 | D20: 장기 로드맵
B22: 3. 권장 투입 규모
B23: 구분 | C23: 인원 | D23: 비고
B24: 핵심 상시 인력 | C24: 8명 | D24: PM 1, UX 1, FE 2, BE 2, QA 1, DevOps 1
B25: 파트타임/자문 | C25: 5명 | D25: 법무, 보안, 접근성, AI, 현장 코디네이터
B26: 총 권장 투입 | C26: 13명 내외 | D26: 16주 MVP Beta 기준
B28: 4. 단계별 요약
B29: WBS | C29: 단계 | D29: 기간 | E29: 주요 산출물
B30: 1.0 | C30: 착수·범위 확정 | D30: 1주 | E30: 킥오프, 범위 기준, 리스크 등록부
B31: 2.0 | C31: Design 단계 | D31: 2주 | E31: ERD, API, 권한 정책, Design Anchor
B32: 3.0 | C32: Sprint 0 PoC·기반 구축 | D32: 2주 | E32: 개발환경, CI, 외부 의존성 PoC
B33: 4.0 | C33: Sprint 1 인증·동의·권한 | D33: 2주 | E33: 인증, RBAC/ABAC, 민감정보 동의
B34: 5.0 | C34: Sprint 2 기록·타임라인 | D34: 3주 | E34: 다중 입력, 사진 기록, 타임라인
B35: 6.0 | C35: Sprint 3 AAC·인계서·권한 완성 | D35: 3주 | E35: AAC 동의, 3분 인계서, 권한 테스트
B36: 7.0 | C36: Sprint 4 자가진단·오프라인·후견 인증 | D36: 3주 | E36: K-DST, M-CHAT-R, FR-71, 오프라인 큐
B37: 8.0 | C37: Sprint 5 U6·접근성·알림·PDF | D37: 2주 | E37: U6 화면, AI 추이, PDF, 알림, 접근성
B38: 9.0 | C38: Beta 준비·검증 | D38: 2주 | E38: 침투 테스트, E2E, 시범 운영 준비
B39: 10.0 | C39: Beta 운영·회고 | D39: 4주 | E39: 운영 지표, 사용자 피드백, 개선 백로그

Sheet 투입인력
B2: 투입 인력 계획
B4: 코드 | C4: 전문가 명칭 | D4: 등급 | E4: 주요 책임 | F4: 투입 단계
B5: PM-01 | C5: Product Manager / PM Lead | D5: 고급 | E5: 범위·우선순위·요구사항·리빙랩 의사결정 관리 | F5: 전 단계
B6: PL-01 | C6: Service Planner / 복지서비스 기획자 | D6: 고급 | E6: 생애주기 기록 체계, 사용자 여정, 권한 업무 흐름 설계 | F6: 기획~검증
B7: UX-01 | C7: UX/UI Lead | D7: 고급 | E7: 정보구조, 접근성, 당사자 모드, 디자인 시스템 | F7: 설계~검증
B8: UX-02 | C8: Product Designer | D8: 중급 | E8: 화면 상세, 컴포넌트, 사용성 테스트 반영 | F8: 설계~구현
B9: FE-01 | C9: Frontend Lead / Next.js Architect | D9: 고급 | E9: App Router 구조, 상태관리, 접근성, 성능 기준 | F9: 설계~구현
B10: FE-02 | C10: Frontend Engineer | D10: 중급 | E10: 보호자/활동지원사/당사자 화면 구현 | F10: 구현
B11: FE-03 | C11: Frontend Engineer | D11: 초급 | E11: 정적 화면, UI 컴포넌트, QA 수정 | F11: 구현~검증
B12: BE-01 | C12: Backend Lead / API Architect | D12: 고급 | E12: API, 권한 엔진, 트랜잭션, Audit 구조 | F12: 설계~구현
B13: BE-02 | C13: Backend Engineer | D13: 중급 | E13: 인증, 기록, 타임라인, 인계서 API 구현 | F13: 구현
B14: BE-03 | C14: Backend Engineer | D14: 중급 | E14: 자가진단, 알림, 파일/PDF, 오프라인 동기화 | F14: 구현
B15: SEC-01 | C15: Security & Compliance Lead | D15: 고급 | E15: 개인정보, 의료법, 후견, 감사 로그, 침투 테스트 대응 | F15: 전 단계
... B22: BIZ-01 | C22: Partnership / Field Coordinator | D22: 중급 | E22: 시범 시설, 보호자/활동지원사/일반교사 모집 | F22: 준비~운영

Sheet WBS
A1: Recordare WBS 상세 일정
A2: 프로젝트 시작일 | B2: 46174 | C2: 시작일·기간(일)은 입력값, 종료일·기간(주)는 자동 계산
A4: WBS ID | B4: 단계 | C4: 작업명 | D4: 상세 작업 | E4: 산출물 | F4: 담당 | G4: 등급 | H4: 기간(일) | I4: 선행 | J4: 시작일 | K4: 종료일 | L4: 기간(주) | M4: 진척(%)
A5: 1.1 | B5: 1.0 착수·범위 확정 | C5: 프로젝트 킥오프 | D5: 목표, 범위, 의사결정 구조, 커뮤니케이션 룰 확정 | E5: Kickoff Deck, 회의록 | F5: PM-01 | G5: 고급 | H5: 1 | I5: - | J5: 46174 | K5: =WORKDAY(J5,H5-1) -> 46174 | L5: =ROUND(H5/5,1) -> 0.2 | M5: 0
A6: 1.2 | B6: 1.0 착수·범위 확정 | C6: 기준 문서 Baseline | D6: PRD/Plan/UX/Workflow/생애주기 문서 버전 잠금 | E6: Baseline 목록 | F6: PM-01, PL-01 | G6: 고급 | H6: 1 | I6: 1.1 | J6: 46175 | K6: =WORKDAY(J6,H6-1) -> 46175 | L6: =ROUND(H6/5,1) -> 0.2 | M6: 0
A7: 1.3 | B7: 1.0 착수·범위 확정 | C7: MVP 범위 확정 | D7: 28개 FR, 7개 NFR, 제외 범위 확인 | E7: Scope Statement | F7: PM-01 | G7: 고급 | H7: 1 | I7: 1.2 | J7: 46176 | K7: =WORKDAY(J7,H7-1) -> 46176 | L7: =ROUND(H7/5,1) -> 0.2 | M7: 0
A8: 1.4 | B8: 1.0 착수·범위 확정 | C8: 리스크 등록부 작성 | D8: 의료법, 개인정보, 권한, PWA, 시범 모집 리스크 등록 | E8: Risk Register | F8: SEC-01, PM-01 | G8: 고급 | H8: 2 | I8: 1.3 | J8: 46177 | K8: =WORKDAY(J8,H8-1) -> 46178 | L8: =ROUND(H8/5,1) -> 0.4 | M8: 0
A9: 1.5 | B9: 1.0 착수·범위 확정 | C9: 현장 검증 계획 | D9: 시범 시설 8곳, 사용자 150명, 일반교사 25명 모집 계획 | E9: Field Test Plan | F9: BIZ-01, PL-01 | G9: 중급/고급 | H9: 2 | I9: 1.3 | J9: 46177 | K9: =WORKDAY(J9,H9-1) -> 46178 | L9: =ROUND(H9/5,1) -> 0.4 | M9: 0
A10: 2.1 | B10: 2.0 Design 단계 | C10: 데이터 모델 ERD | D10: Person, JournalEntry, TimelineCard, ScreeningResult, Permission, AuditLog 모델 설계 | E10: ERD, Prisma 초안 | F10: BE-01 | G10: 고급 | H10: 3 | I10: 1.2 | J10: 46181 | K10: =WORKDAY(J10,H10-1) -> 46183 | L10: =ROUND(H10/5,1) -> 0.6 | M10: 0
A11: 2.2 | B11: 2.0 Design 단계 | C11: Lifecycle/RecordCategory 반영 | D11: LifecycleStage, RecordCategory enum과 민감정보 정책 매핑 | E11: Data Taxonomy Spec | F11: PL-01, BE-01 | G11: 고급 | H11: 2 | I11: 2.1 | J11: 46184 | K11: =WORKDAY(J11,H11-1) -> 46185 | L11: =ROUND(H11/5,1) -> 0.4 | M11: 0
A12: 2.3 | B12: 2.0 Design 단계 | C12: API 설계 | D12: 인증, 기록, 타임라인, 권한, 자가진단, 인계서 API 정의 | E12: OpenAPI 초안 | F12: BE-01, BE-02 | G12: 고급/중급 | H12: 4 | I12: 2.1 | J12: 46184 | K12: =WORKDAY(J12,H12-1) -> 46189 | L12: =ROUND(H12/5,1) -> 0.8 | M12: 0
A13: 2.4 | B13: 2.0 Design 단계 | C13: 권한 엔진 PoC 설계 | D13: 코드 기반 vs OPA, 6x20 권한 매트릭스 테스트 기준 | E13: Permission PoC Plan | F13: BE-01, SEC-01 | G13: 고급 | H13: 3 | I13: 2.2 | J13: 46188 | K13: =WORKDAY(J13,H13-1) -> 46190 | L13: =ROUND(H13/5,1) -> 0.6 | M13: 0
A14: 2.5 | B14: 2.0 Design 단계 | C14: UX Design Anchor | D14: 색상, 타이포, 컴포넌트, 생애주기·카테고리 필터 기준 | E14: Design Anchor | F14: UX-01 | G14: 고급 | H14: 4 | I14: 1.2 | J14: 46181 | K14: =WORKDAY(J14,H14-1) -> 46184 | L14: =ROUND(H14/5,1) -> 0.8 | M14: 0
A15: 2.6 | B15: 2.0 Design 단계 | C15: FR-68 법적 문구 검토 | D15: 자가진단 화면/PDF/AI 인사이트 문구 법무 검토 | E15: Legal Copy Pack | F15: LEG-01, SEC-01 | G15: 고급 | H15: 3 | I15: 1.4 | J15: 46181 | K15: =WORKDAY(J15,H15-1) -> 46183 | L15: =ROUND(H15/5,1) -> 0.6 | M15: 0
A16: 2.7 | B16: 2.0 Design 단계 | C16: Saga/트랜잭션 경계 | D16: 권한 부여, 인계서 발행, 자가진단 제출, 오프라인 동기화 트랜잭션 정의 | E16: Transaction Spec | F16: BE-01, PL-01 | G16: 고급 | H16: 3 | I16: 2.3 | J16: 46190 | K16: =WORKDAY(J16,H16-1) -> 46192 | L16: =ROUND(H16/5,1) -> 0.6 | M16: 0
... A63: 10.5 | B63: 10.0 Beta 운영·회고 | C63: MVP Beta 종료 보고 | D63: 산출물, 지표, 리스크, 예산, 다음 단계 정리 | E63: Beta Closing Report | F63: PM-01 | G63: 고급 | H63: 3 | I63: 10.4 | J63: 46324 | K63: =WORKDAY(J63,H63-1) -> 46328 | L63: =ROUND(H63/5,1) -> 0.6 | M63: 0
A64: 합계 | H64: =SUM(H5:H63) -> 238 | J64: =MIN(J5:J63) -> 46174 | K64: =MAX(K5:K63) -> 46328 | L64: =ROUND(SUM(H5:H63)/5,1) -> 47.6 | M64: =AVERAGE(M5:M63) -> 0

Sheet 간트차트
A1: Recordare 간트차트 (WBS 일정 연동)
A2: 시작일 | B2: =WBS!$B$2 -> 46174 | C2: 막대는 WBS 시트의 시작일/종료일에 연동됩니다 · 색상 = 단계
A3: WBS ID | B3: 작업명 | C3: 담당 | D3: 시작일 | E3: 종료일 | F3: Ph | G3: W1 | H3: W2 | I3: W3 | J3: W4 | K3: W5 | L3: W6 | M3: W7 | N3: W8 | O3: W9 | P3: W10 | Q3: W11 | R3: W12 | S3: W13 | T3: W14 | U3: W15 | V3: W16 | W3: W17 | X3: W18 | Y3: W19 | Z3: W20 | AA3: W21 | AB3: W22 | AC3: W23 | AD3: W24
A4: 주차 시작일 → | F4: =$B$2-WEEKDAY($B$2,3) -> 46174 | G4: =$F$4 -> 46174 | H4: =G4+7 -> 46181 | I4: =H4+7 -> 46188 | J4: =I4+7 -> 46195 | K4: =J4+7 -> 46202 | L4: =K4+7 -> 46209 | M4: =L4+7 -> 46216 | N4: =M4+7 -> 46223 | O4: =N4+7 -> 46230 | ... AD4: =AC4+7 -> 46335
A5: =WBS!A5 -> 1.1 | B5: =WBS!C5 -> 프로젝트 킥오프 | C5: =WBS!F5 -> PM-01 | D5: =WBS!J5 -> 46174 | E5: =WBS!K5 -> 46174 | F5: 1
A6: =WBS!A6 -> 1.2 | B6: =WBS!C6 -> 기준 문서 Baseline | C6: =WBS!F6 -> PM-01, PL-01 | D6: =WBS!J6 -> 46175 | E6: =WBS!K6 -> 46175 | F6: 1
A7: =WBS!A7 -> 1.3 | B7: =WBS!C7 -> MVP 범위 확정 | C7: =WBS!F7 -> PM-01 | D7: =WBS!J7 -> 46176 | E7: =WBS!K7 -> 46176 | F7: 1
A8: =WBS!A8 -> 1.4 | B8: =WBS!C8 -> 리스크 등록부 작성 | C8: =WBS!F8 -> SEC-01, PM-01 | D8: =WBS!J8 -> 46177 | E8: =WBS!K8 -> 46178 | F8: 1
A9: =WBS!A9 -> 1.5 | B9: =WBS!C9 -> 현장 검증 계획 | C9: =WBS!F9 -> BIZ-01, PL-01 | D9: =WBS!J9 -> 46177 | E9: =WBS!K9 -> 46178 | F9: 1
A10: =WBS!A10 -> 2.1 | B10: =WBS!C10 -> 데이터 모델 ERD | C10: =WBS!F10 -> BE-01 | D10: =WBS!J10 -> 46181 | E10: =WBS!K10 -> 46183 | F10: 2
A11: =WBS!A11 -> 2.2 | B11: =WBS!C11 -> Lifecycle/RecordCategory 반영 | C11: =WBS!F11 -> PL-01, BE-01 | D11: =WBS!J11 -> 46184 | E11: =WBS!K11 -> 46185 | F11: 2
A12: =WBS!A12 -> 2.3 | B12: =WBS!C12 -> API 설계 | C12: =WBS!F12 -> BE-01, BE-02 | D12: =WBS!J12 -> 46184 | E12: =WBS!K12 -> 46189 | F12: 2
A13: =WBS!A13 -> 2.4 | B13: =WBS!C13 -> 권한 엔진 PoC 설계 | C13: =WBS!F13 -> BE-01, SEC-01 | D13: =WBS!J13 -> 46188 | E13: =WBS!K13 -> 46190 | F13: 2
A14: =WBS!A14 -> 2.5 | B14: =WBS!C14 -> UX Design Anchor | C14: =WBS!F14 -> UX-01 | D14: =WBS!J14 -> 46181 | E14: =WBS!K14 -> 46184 | F14: 2
A15: =WBS!A15 -> 2.6 | B15: =WBS!C15 -> FR-68 법적 문구 검토 | C15: =WBS!F15 -> LEG-01, SEC-01 | D15: =WBS!J15 -> 46181 | E15: =WBS!K15 -> 46183 | F15: 2
A16: =WBS!A16 -> 2.7 | B16: =WBS!C16 -> Saga/트랜잭션 경계 | C16: =WBS!F16 -> BE-01, PL-01 | D16: =WBS!J16 -> 46190 | E16: =WBS!K16 -> 46192 | F16: 2
... A63: =WBS!A63 -> 10.5 | B63: =WBS!C63 -> MVP Beta 종료 보고 | C63: =WBS!F63 -> PM-01 | D63: =WBS!J63 -> 46324 | E63: =WBS!K63 -> 46328 | F63: 10
A65: 마일스톤 | G65: M0 | I65: M1 | L65: M2 | O65: M3 | R65: M4 | T65: M5 | V65: M6 | Z65: M7
A67: 단계 색상 | C67: 1 | D67: 2 | E67: 3 | F67: 4 | G67: 5 | H67: 6 | I67: 7 | J67: 8 | K67: 9 | L67: 10

Sheet 마일스톤·추적
B2: 마일스톤
B3: 코드 | C3: 마일스톤 | D3: 목표주 | E3: 완료 기준
B4: M0 | C4: Kickoff 완료 | D4: W1 | E4: 범위·인력·리스크 등록 완료
B5: M1 | C5: Design 승인 | D5: W3 | E5: ERD, API, 권한 정책, Design Anchor 승인
B6: M2 | C6: Core Flow 시연 | D6: W6 | E6: 가입→권한→기록→타임라인 E2E
B7: M3 | C7: Handover/AAC 시연 | D7: W9 | E7: AAC 동의, 인계서 PDF, 권한 테스트 통과
B8: M4 | C8: Screening/Offline 시연 | D8: W12 | E8: K-DST, M-CHAT-R, AI 추이, 오프라인 큐
B9: M5 | C9: U6/A11y 완료 | D9: W14 | E9: 일반교사 화면, 접근성 1차 통과
B10: M6 | C10: Beta Go/No-Go | D10: W16 | E10: 보안·법무·E2E·KPI 계측 기준 통과
B11: M7 | C11: Beta 운영 회고 | D11: W20 | E11: KPI Report, Living Lab Report, GA 백로그
B13: FR 기준 추적 매트릭스
B14: FR/NFR | C14: 관련 WBS | D14: 담당 리드
B15: FR-01 계정/가입 | C15: 4.1, 4.2 | D15: BE-02
B16: FR-02 권한 매트릭스 | C16: 2.4, 4.4, 6.3, 6.6 | D16: BE-01
B17: FR-05 빠른 선택 일지 | C17: 5.1 | D17: FE-02
B18: FR-06 사진 기록 | C18: 5.3 | D18: BE-03
B19: FR-08 타임라인 | C19: 5.5 | D19: FE-01
B20: FR-09 / FR-43 인계서·PDF | C20: 6.4, 6.5 | D20: BE-03
B21: FR-11, FR-17~19 AAC/당사자 UI | C21: 6.1, 6.2 | D21: UX-01
B22: FR-13~15 보안·민감정보 | C22: 4.3, 4.5, 9.2 | D22: SEC-01
B23: FR-16 접근성 | C23: 8.4, 8.5 | D23: ACC-01
B24: FR-25~26 온보딩·마이그레이션 | C24: 4.2, 5.5 | D24: PM-01
B25: FR-30~32 오프라인 | C25: 7.5 | D25: FE-01
... B36: NFR-07 데이터 보존 | C36: 4.5, 9.2 | D36: SEC-01
B38: 핵심 리스크 및 대응
B39: 리스크 | C39: 영향 | D39: 대응 WBS
B40: 의료법상 자가진단 오인 | C40: 출시 차단 | D40: 2.6, 3.4, 7.3, 8.6, 9.2
B41: 개인정보 분리 동의 미흡 | C41: 출시 차단 | D41: 4.3, 9.2
B42: 권한 매트릭스 누락 | C42: 고위험 | D42: 2.4, 4.4, 6.6
B43: Audit Log 무결성 부족 | C43: 고위험 | D43: 4.5, 9.2
B44: FR-69 사용성 미달 | C44: 핵심 가치 저하 | D44: 3.6, 5.1, 5.2
B45: PWA/iOS 동기화 제약 | C45: 사용성 저하 | D45: 7.5, 8.5
B46: 시범 시설 모집 실패 | C46: 검증 지연 | D46: 1.5, 9.5
B47: U6 일반교사 개인정보 입력 위험 | C47: 법적/학교 신뢰 리스크 | D47: 8.1, 8.2, 6.6
